Dates,Center_mass,DSI,Center_mass_top,Center_mass_bottom,vol_pos,vol_neg,opt_vol,price
2021-04-01,267.56926233898065,39.50349819363156,249.4551785388044,203.65886935897265,10388727.857516058,-5867718.547066054,16924189.272086218,252.9600067138672
2021-04-05,266.44610302559016,43.54784920075821,249.4551785388044,203.65886935897265,10388727.857516058,-5867718.547066054,17455947.292412363,259.3599853515625
2021-04-06,266.09744017454346,59.86444984286741,271.9364645549601,213.21582967616322,16715357.850000003,-1343049.4499999997,23507777.668352455,255.1699981689453
2021-04-07,265.6939291656122,60.485745350698686,270.58629161128454,214.08061615186304,17137305.670700002,-1354932.0662,23214856.555631332,252.5800018310547
2021-04-08,262.82288491889364,58.59660397671445,269.1244984462251,215.35101359165563,21746431.880000003,-1297189.2000000002,21089261.909301452,254.9499969482422
2021-04-09,261.2281753241695,61.52987172306026,268.7018741697285,216.46085165161674,21539323.459999997,-1315966.9,24671175.313960463,252.36000061035156
2021-04-12,267.6735720010281,40.27644772566282,266.32445503916716,221.38236530705973,20299430.790000003,-1715226.5699999996,4738662.352789817,249.52000427246094
2021-04-13,265.1535034156152,45.67861904009137,264.3679463788224,223.85109588961095,23303992.230000004,-1957595.4399999997,4213032.38993354,253.27000427246094
2021-04-14,271.42421181678424,39.88445963510967,276.6436437634667,227.71633575308883,7705191.419799999,-1729752.2669000002,5395362.603454797,252.42999267578125
2021-04-15,272.2243993748992,44.661285969000794,274.8037460489924,225.82431297531846,7381242.4,-1811142.7999999998,7314308.404254062,251.11000061035156
2021-04-16,268.62674832980707,51.29683906895224,278.81175031330196,229.06005640302524,7850909.43,-1369055.8699999999,5596801.762244577,248.17999267578125
2021-04-19,268.7724673630027,43.58947118399751,278.53863345138285,228.69498009282833,9312487.359999996,-1350838.7199999997,5822914.10416265,244.14999389648438
2021-04-20,264.0562375450764,45.142897491370185,276.05479393276266,230.40622563759882,8238278.430000001,-1601085.0599999998,2927597.1791764554,234.05999755859375
2021-04-21,256.30412104123906,48.202815222713795,276.04371424380224,229.35671417854465,8352368.566500002,-1540808.661,-139376.43024184927,235.9199981689453
2021-04-22,255.57681323242193,44.500929873667076,275.9691057320984,224.83543228799866,6576316.74,-1997480.5200000003,257103.08047231473,234.3300018310547
2021-04-23,255.14103737903935,47.237715133608454,276.9291082055516,217.50931936499774,4726607.639999998,-2512868.1599999997,340458.0877770558,238.3800048828125
2021-04-26,253.2550925843027,44.52623736220997,275.3135074145713,217.0338036974189,5163612.300000002,-2644127.6399999997,635772.6712469626,241.44000244140625
2021-04-27,257.02002792345735,49.36479978167563,275.33518175000967,215.15663152451808,5220257.625000001,-2636493.7499999995,1110715.8464214653,242.47000122070312
2021-04-28,254.5233440023572,47.47258688662444,271.5968485780169,216.41973709329915,5599907.38,-2788411.66,347022.78324750066,235.4600067138672
2021-04-29,248.46386924708534,54.40007648166486,276.0585044382678,216.9198472208951,6050235.733199998,-2872487.577299999,-1944635.0126314647,235.94000244140625
2021-04-30,243.15352468669076,46.16129426857931,275.0242083479754,216.8984339092479,5688162.48,-3099336.24,-3721748.7176005244,234.30999755859375
2021-05-03,242.7370844228926,46.73468057616293,274.1649399316653,217.41506025235992,4770268.100000001,-3948653.8000000007,-4256999.000201456,235.19000244140625
2021-05-04,238.57422211547978,44.22009836104254,272.6369777018883,217.05334729587213,4233754.6602,-4782561.6175999995,-5546574.89687505,233.6300048828125
2021-05-05,240.5776867840715,57.62127478149648,271.8481770645077,218.8236279133347,4424001.120000001,-5385566.339999999,-3854506.2496255077,228.17999267578125
2021-05-06,230.6788844598887,49.4279949111842,266.5150899736601,219.25873213787676,4380273.87,-6336295.5600000005,-9008634.954722177,229.80999755859375
2021-05-07,232.41537900132073,58.763657316894204,265.09313358885686,219.05502071187473,4683000.194999998,-5334183.124999999,-7748167.687511012,235.47000122070312
2021-05-10,230.73654277129893,43.6636626517189,264.142591307639,216.79477000787688,3280200.5,-7905989.85,-8635661.834055377,232.92999267578125
2021-05-11,234.66697729588836,43.14389079864968,262.46753156653256,217.13590012645628,3779130.0,-7432910.0,-4408698.122249374,228.8800048828125
2021-05-12,230.66318360107624,43.350425811549506,258.684636348152,217.75638322937468,3762052.4759999993,-8100223.599,-6371503.63829508,220.77999877929688
2021-05-13,232.82711872451645,46.49762574089755,255.34036378114456,217.463543952591,5347256.25,-6425804.25,-2868877.102517048,222.63999938964844
2021-05-14,239.58050730320173,42.55655476809667,253.66430112410603,215.778523044229,4753737.219999999,-7345902.720000001,6625697.795717856,228.47000122070312
2021-05-17,238.79715174939926,45.76050884177562,250.03500173562324,215.33290885937785,6652736.25,-6543851.25,5856505.188452197,227.97999572753906
2021-05-18,238.94533685681995,46.840223750397804,254.65474686296264,199.7476990366812,11954759.040000001,-4524132.4799999995,6524622.118293749,227.5500030517578
2021-05-19,240.9872969427337,43.07724187629609,254.7000010573115,199.63910576689617,11513199.4179,-4675735.747299999,1953647.614306854,224.4199981689453
2021-05-20,236.40478989539122,44.72405492368346,254.1186545415707,199.46584961392963,11942651.7,-4589969.65,6152293.5635238085,227.64999389648438
2021-05-21,242.08232536685458,44.91060417580513,266.25794010889274,198.60435909901153,9480455.6,-5652680.600000001,11733193.816544114,234.82000732421875
2021-05-24,241.1853151943667,45.31853444096854,251.4449176575444,199.01125963764346,11819510.010000002,-4753949.13,10801768.552433347,237.44000244140625
2021-05-25,249.44271582506727,42.67298407224475,252.75124967654224,199.23023276111695,15138257.9877,-3768985.8028000006,16655752.656119177,240.74000549316406
2021-05-26,251.5648893960024,41.58112986446017,252.65202402229443,199.71480958790846,14721553.639999999,-4070550.0599999996,16319397.335503375,241.3699951171875
2021-05-27,257.6070513909633,34.00591612162695,258.3704394646886,199.10357880737456,18434731.6,-3269428.099999999,22437713.587873593,250.6999969482422
2021-05-28,256.63347500781765,38.446637214561704,260.56865507448094,200.08254485972634,18065384.690000005,-3159461.599999999,18661956.174393326,247.02000427246094
2021-06-01,260.72206353641116,37.20311561825281,263.8066272629962,200.28656436885151,22003927.725,-2379864.975,22815456.14112302,254.72999572753906
2021-06-02,263.5417310820822,41.94009886971966,264.4390459587795,204.45846102616932,19652467.669999998,-2940080.3,24403631.85754478,255.6199951171875
2021-06-03,258.6936047260306,44.129879013355925,266.66343468127883,204.96038173922113,22290385.039999995,-2375026.115,19989608.83238414,250.32000732421875
2021-06-04,259.4539308268694,40.04143718339754,268.9198600849449,206.10222773335232,23323927.74,-2183847.090000001,20924344.38639395,249.9199981689453
2021-06-07,259.4716651332964,44.36942234167559,265.5130662872411,207.023750442014,20432980.893,-2696774.158,24329335.989030942,252.66000366210938
2021-06-08,259.908609254609,40.998273952258245,265.8098952553085,207.33427431302945,21020462.280000005,-2563434.209999999,25813655.43415875,252.75999450683594
2021-06-09,257.72511543437605,40.30182306626043,264.5267945526713,208.9770293574393,23428240.22,-2345452.83,26022970.21363771,248.05999755859375
2021-06-10,259.5601768460414,41.045930787871896,264.6048169574546,209.26248334542905,24499123.69000001,-2271703.340000001,31352474.205838062,248.33999633789062
2021-06-11,255.77448506763707,43.51616993470158,262.5383007084946,211.02027571349225,24961221.785,-2572388.34,32042238.51985897,247.27999877929688
2021-06-14,255.22088684961787,39.08365755474162,263.26001419208745,212.62900377369746,28766498.67000001,-2267818.1500000004,5459132.089476319,245.13999938964844
2021-06-15,254.61439434719475,39.94403422443259,259.80008616808215,216.37734734088357,30106918.399999995,-3076326.120000001,5704793.603718897,246.5399932861328
2021-06-16,253.8355376156456,40.132930467451104,264.5952586631507,217.068359779194,8658486.75,-2127457.3499999996,5666307.311189188,242.27000427246094
2021-06-17,249.74312848792908,39.616624115485855,264.0156306403868,217.49033862686287,8999486.9,-2279015.62,2915502.4118316695,239.22000122070312
2021-06-18,247.2093219875721,44.04104645365736,263.67466859367545,218.8754756705163,9311379.55,-2620586.9749999996,2507602.866303308,237.35000610351562
2021-06-21,250.1359400018902,42.915636786182034,262.4166123015673,217.40471164650688,7514426.7,-2944917.360000001,8935391.252309164,245.27999877929688
2021-06-22,251.07022708143947,44.796463833156324,261.3722294143031,216.51732500090782,7900806.959999999,-3645849.3600000003,8795592.318085318,243.77999877929688
2021-06-23,252.14171523720475,35.410236852742095,258.5684609502107,216.92226742743992,12346316.400000004,-3134569.7000000007,10407211.008877652,243.57000732421875
2021-06-24,254.52371601946047,38.461937471235245,261.51279873620354,214.8697260707365,12794786.869999997,-3690846.12,14271343.101494005,250.57000732421875
2021-06-25,254.15525416772377,43.48868172013621,261.55008403790987,216.05644459993215,13995813.094999999,-3649072.5699999994,11120818.82245185,248.3800048828125
2021-06-28,248.1044145367344,44.50484369346428,262.06614635404907,216.61214973576782,16636330.800000003,-3309764.76,1654814.201876497,239.9600067138672
2021-06-29,244.9047526596992,39.95869806562206,263.1723568281938,220.7104669412123,14919513.0,-4022473.8000000003,-105228.76825335622,235.75999450683594
2021-06-30,245.29776873953762,38.865390888220276,263.1355836074605,225.05786987935218,10343372.76,-6746043.150000001,2796511.069802845,239.55999755859375
2021-07-01,246.37649672012478,44.68701943508254,261.5783192931638,223.47883373588033,10099337.709999997,-7859265.26,5608419.579587927,239.72999572753906
2021-07-02,245.41742671560309,45.825963130653996,259.3093700700738,223.41641013376227,12450096.21,-7972347.045,4438695.880792821,236.67999267578125
2021-07-06,241.50173454159813,40.29632972674857,257.6466059713482,226.13118332951413,14991685.660000002,-8345533.209999999,-1646202.4430911187,236.13999938964844
2021-07-07,242.34053061501035,46.762950937190325,257.19513109591077,226.1915186918324,14827188.9654,-9083068.9614,2607000.854591038,231.77999877929688
2021-07-08,233.65734220263548,44.79731246010683,256.25305692086897,225.34862036463352,12119522.479999997,-11067771.9,-9954697.01440302,236.77000427246094
2021-07-09,244.04423922002167,40.52632205167255,254.5754112660315,224.96617925949005,14643314.440000001,-10311706.079999998,11314304.358089944,239.58999633789062
2021-07-12,246.96718404562952,46.12091669510679,253.42066103248635,221.9784226209041,7736461.680000002,-13091806.799999999,3925093.2131953556,238.2899932861328
2021-07-13,240.764210230588,46.905321754645435,252.594021305426,224.0189578683293,19276213.6404,-8229968.067000001,1094551.3314977866,228.1999969482422
2021-07-14,237.4634267092878,41.874076927355084,261.09231944637384,216.35157600525898,9929003.759999998,-4580948.459999999,-634201.3973291907,224.4499969482422
2021-07-15,241.16606882464072,40.24468345288844,256.62795926710527,215.10388780082098,8290876.44,-5125593.549999999,-2397746.9003684223,222.75999450683594
2021-07-16,239.25819682612993,38.982760789343615,255.4118754113391,214.209822771602,8030719.079999999,-6198563.879999999,-2767052.019283492,217.74000549316406
2021-07-19,224.41560562761958,39.30151592969279,267.45315314164543,213.08504628839424,7391434.213800001,-6919237.1521000005,-8545650.61471561,206.99000549316406
2021-07-20,223.09763545573495,39.44604066433726,265.60218460983566,212.23387997641726,7444276.0086,-7256868.5943,-8101157.501775395,217.14999389648438
2021-07-21,239.79243247283782,47.172057703162444,263.48305368525536,206.67125789590517,3552313.8000000003,-7821072.7700000005,-1189524.3468963802,222.5399932861328
2021-07-22,237.2766619450292,39.6101562104419,267.41958879450124,201.03345738470526,3891840.02,-7817828.12,-2034565.9842905924,220.8699951171875
2021-07-23,233.2037920331562,33.92680949437007,269.0140772496805,204.2547030348633,7899206.1,-6495288.199999999,712343.8947105631,221.52000427246094
2021-07-26,237.48036929551466,36.781053151973936,267.0980150952836,204.36314731747404,8007231.619999997,-7254967.589999999,-1932482.8504876979,225.85000610351562
2021-07-27,236.13731850712193,35.44483144716802,253.29018127426204,204.27377083613123,9390360.0,-6519816.380000001,-2314316.7801816296,222.27000427246094
2021-07-28,238.59842624726411,39.745869587391454,266.95744787910303,204.6049443879047,8038909.760000002,-7207924.319999999,5778692.558539314,231.57000732421875
2021-07-29,239.0156826817207,41.70793757202793,265.22510993843457,204.91516946145722,7848614.799999999,-7312080.6,5804782.657288445,231.6300048828125
2021-07-30,236.2119071740063,43.53556167742692,252.47328191407928,206.5468005501579,11950889.040000003,-5173430.580000002,1912630.043859642,226.47999572753906
2021-08-02,230.1688653796303,53.13522060191163,252.58905349675965,208.27770110486597,12172942.649999999,-5375364.81,-3133692.3478668593,225.33999633789062
2021-08-03,232.88770812361898,57.71765169714364,253.12126240178804,209.05351729698364,10059207.570000002,-6263063.2700000005,-251894.61540980637,229.08999633789062
2021-08-04,232.20936071053399,51.976934652298944,251.28546069691603,209.3058922497778,7841626.5600000005,-7936953.84,-664379.5592893995,226.6300048828125
2021-08-05,232.87190912153267,54.48505744572719,250.48526032778142,210.0966489624717,9333947.969999997,-7206976.889999999,448230.0433704797,229.94000244140625
2021-08-06,235.87856808688474,48.08962740703817,250.39245694374353,209.7024075340669,9415772.190000001,-7606888.880000001,5252721.316949414,231.3300018310547
2021-08-09,236.73115088551367,46.02374562013365,249.88519512879896,209.93027178914224,10320308.620000003,-7653436.4,7532698.285695551,232.27000427246094
2021-08-10,239.71537300919684,43.07696788304161,248.06841637998008,211.61400635797855,12804468.405000001,-6432612.675000001,13921330.748501888,235.77999877929688
2021-08-11,238.89361222435613,42.65400245758522,246.84953772329584,212.88551861830106,14122747.5,-5992687.5,12994294.961848399,239.49000549316406
2021-08-12,243.3855002232406,38.1917428128079,247.05448749333576,213.27539346692046,18073404.730400007,-5016750.721099999,27495016.25562015,238.17999267578125
2021-08-13,237.99038575652636,37.47565700184204,246.40283296383427,213.3779680767499,17488660.2,-5146889.85,2505676.7430144697,234.4600067138672
2021-08-16,232.7701328908858,39.0802421146352,247.88606488300115,213.45802682100614,27687751.76,-4163749.99,-530739.5045539569,229.05999755859375
2021-08-17,226.02934241172343,44.02824014165594,249.9183784638633,205.98515671775763,6780482.7299999995,-2527010.459999999,-4122567.0647821147,222.22000122070312
2021-08-18,223.781147994689,41.25131489455854,249.43656315433788,206.5210215341973,5237231.76,-3325291.92,-4954331.478520632,219.0
2021-08-19,216.2991545523163,43.21805934726827,249.84298377296443,206.54606531326354,3859875.070500001,-4717773.1017,-8510177.86683949,212.16000366210938
2021-08-20,214.32484037874556,45.49357471224743,248.7832374100719,205.77199589348808,3861232.8,-5360545.970000001,-8414851.135694273,212.6699981689453
2021-08-23,220.37920294094266,46.43630723564255,249.79695296740624,203.96209593577728,2472808.2400000007,-6714212.400000001,-6013763.909180989,219.39999389648438
2021-08-24,220.9260400383088,37.52376465881373,249.1083579975208,202.57644592736523,2125712.55,-6293605.499999999,-3926943.5822188407,221.42999267578125
2021-08-25,219.4922054525421,47.528129773529535,247.61839002487298,204.017305375474,3484229.5340999993,-5800524.0372,-4524304.137228165,221.02999877929688
2021-08-26,214.17769239752474,41.90211291403315,246.29695982627598,199.05135409206247,4423715.3,-5130758.280000001,-6837037.761049275,216.5
2021-08-27,220.16100828072817,38.77032258581916,245.98642077327702,198.86294417353707,4107233.9699999997,-5274931.55,-4975775.256919976,221.75
2021-08-30,214.8221933239903,41.77980206451771,244.25734840494366,198.2610472491442,3316568.85,-6267730.995000001,-9290174.481697999,217.66000366210938
2021-08-31,215.07408087105333,36.949132341643164,244.71105754745403,201.74331168364682,4552650.250000001,-6068499.79,-8885537.842162348,219.5
2021-09-01,215.29139318926332,42.683975163361595,244.78037851863166,203.20578787744245,3067154.5499999993,-7910053.1099999985,-8480901.202626698,218.1199951171875
2021-09-02,215.4848669915435,34.5372702033776,244.10447180119561,202.90089254400266,3271898.0724999993,-7802761.0825,-8076264.563091044,220.8300018310547
2021-09-03,215.80008451971753,44.444195928515434,243.4375982780308,202.5755643484689,3476641.5949999993,-7695469.055,-7671627.923555395,218.1699981689453
2021-09-07,211.478754977058,45.855171185550994,242.51122953427497,202.37309475897732,3681385.1174999992,-7588177.0275,-12308496.856793435,214.24000549316406
2021-09-08,208.28197250182663,41.43811716210409,240.47495917256387,202.98211751757324,3886128.639999999,-7480885.000000001,-13091806.799999999,211.3800048828125
2021-09-09,212.3909284036877,38.070261908018544,239.23722313426796,203.4195981593736,2933503.86,-10103981.76,-7710913.716816853,213.94000244140625
2021-09-10,214.46116920952085,36.531783457978165,238.80436959642174,201.24536051277374,2329338.0347999996,-10103865.408,-6712568.094535469,210.3000030517578
2021-09-13,216.03218696911713,32.347682174459784,232.46050917109372,201.31541832271776,4463973.759999999,-8089025.359999999,-5714222.472254084,214.47999572753906
2021-09-14,213.55162611140992,32.71006342447508,237.88647365715062,200.20410350831557,4439942.319999999,-7295119.68,-7292958.721810105,211.57000732421875
2021-09-15,215.28986445033098,41.35436694868043,240.5216062595132,199.39789480624697,4415910.88,-6501214.0,-5949810.200767541,214.22000122070312
2021-09-16,215.14801686019442,29.797549658735683,239.25187786181016,199.31001999232515,4104883.1999999997,-7407628.8,-6534380.495219764,213.36000061035156
2021-09-17,213.55364259881512,38.386742296523124,237.61018915537704,199.8890496895942,5045629.96,-7312606.56,-7294892.898006804,213.36000061035156
2021-09-20,210.44723838433592,35.499529060933284,238.55679028228988,200.02987788343768,4955904.696599999,-7673672.687000002,-9580952.6391299,209.5
2021-09-21,208.26191663096753,29.965919085908755,237.5312748384418,199.5722138752068,4621550.169999999,-7925787.310000001,-10074280.960454488,208.50999450683594
2021-09-22,216.25534457180783,29.259778992470448,238.87810442337664,198.38326278085316,3734964.73,-8802096.870000003,-4058950.452777257,216.97999572753906
2021-09-23,223.16093501521695,35.97330772368812,238.3225530608665,195.8456404972476,3833430.9891999997,-9280993.270799998,1349868.204452183,221.10000610351562
2021-09-24,223.68782376635167,39.517904937745676,237.7003707061005,197.1948768360462,6465293.640000001,-7274133.720000001,1781774.2333862577,221.38999938964844
2021-09-27,226.08648268234194,29.774553179576696,238.86947022233645,199.07928536967836,9669832.249999998,-6307661.749999999,5011289.291059719,224.16000366210938
2021-09-28,220.68984920393441,45.40510369221939,238.69742381018648,200.23326639160183,10262940.85,-6567706.010000002,-1587797.9573005587,218.41000366210938
2021-09-29,228.78558906476627,36.93059437177829,238.0248273195292,201.0679967877223,11831388.53,-5645713.109999999,8707097.72064749,225.36000061035156
2021-09-30,226.04499849951634,56.10937398160265,238.37319459940855,200.42329992371208,8604869.52,-7508080.319999999,4244871.071867486,219.94000244140625
2021-10-01,229.1489575795014,55.918290242695754,238.8432978764161,200.32772366204895,13974700.715999998,-4939002.576,9084534.451429302,226.0
2021-10-04,229.64917906690914,45.60341069078261,238.99663209346687,201.63167742328585,11916573.0,-6321921.0,9873733.77636586,223.7899932861328
2021-10-05,228.74997519887245,47.16943956577099,238.71742212714608,201.89808718410762,14373738.999999998,-5046980.5200000005,11670972.544332167,224.4199981689453
2021-10-06,227.94457484384574,45.09911497139093,238.80541930710197,202.4911589507745,14988763.6,-5053414.05,11093853.524340363,224.99000549316406
2021-10-07,229.4620267464202,40.4136701715798,236.68800524153474,201.8556412661428,16062127.0,-4740836.75,17228546.59494383,226.47999572753906
2021-10-08,231.59685119794906,38.77008224211983,235.94685677252113,202.23590117665032,15791688.969999995,-4915444.0600000005,37250.967324404046,226.38999938964844
2021-10-11,231.82130311279442,34.57443407613997,234.75933239456367,203.15933110847874,19542913.867200006,-3935900.313599999,2286321.952039078,226.4499969482422
2021-10-12,231.12777400401308,40.53077443637124,250.63909000971788,201.91574505801682,6556053.91,-4206108.21,1283879.993188791,223.57000732421875
2021-10-13,230.43229686825433,36.93676524664469,246.9970590742478,201.54533004484765,8189065.4399999995,-4104748.620000001,281438.0343385022,221.77999877929688
2021-10-14,224.8556803236031,41.21775062807443,248.19158246047616,202.02481684493316,8004564.92,-4693281.23,-3155571.0481285863,217.44000244140625
2021-10-15,225.83858344252923,42.151499299797145,249.35766653852505,202.4120723585385,7820064.399999999,-5281813.84,-1955321.4677398112,217.0399932861328
2021-10-18,224.34681411855476,43.07870470794645,248.1433570831725,202.00279899074198,5897190.239999998,-6009389.280000001,-2284058.095626695,216.97999572753906
2021-10-19,222.83027070097236,41.36000216592429,247.62689059452737,200.86308381936868,6373762.56,-5560389.12,-2612794.7235135753,215.97000122070312
2021-10-20,221.27256036278064,35.46436388850744,246.4726080367062,200.18909352335172,6656312.619999999,-6096444.435,-2941531.3514004573,216.1699981689453
2021-10-21,219.62948347744512,39.36364717919433,245.10306585308487,199.5286690597091,6938862.68,-6632499.75,-3270267.9792873375,214.33999633789062
2021-10-22,217.803022957033,39.58677707430164,243.56276588832964,198.81799696752574,7221412.74,-7168555.0649999995,-4075574.1054741964,212.97000122070312
2021-10-25,218.8788204437132,37.766641534767565,241.7258434631603,198.108568704307,7503962.8,-7704610.379999999,-3162403.246674197,212.8699951171875
2021-10-26,215.98882646950227,42.569496645992984,240.53572791399998,197.37777301449492,7273207.37,-8094866.779999999,-6179039.819166494,209.80999755859375
2021-10-27,211.62950175911072,47.46220357510981,240.68527583685417,197.39560181269476,7807230.989999999,-7924698.68,-9323358.84214063,206.61000061035156
2021-10-28,210.95906494160337,43.304771117677944,241.50900952272374,197.24173674506454,6763991.353100001,-9207738.376400001,-8901561.276883591,207.85000610351562
2021-10-29,210.01375563324035,38.75616852423507,239.2290594986768,197.13609427821692,5383807.515,-10252296.195,-8818572.441004762,207.02999877929688
2021-11-01,219.71032593095143,33.894239297439356,236.51100849753877,196.48018585772263,5940607.1098,-10483826.591699999,515645.084668085,214.5800018310547
2021-11-02,218.20058329335578,39.668686907813644,235.97697577833662,195.57109359332333,5615344.170000001,-10094566.81,-946771.0865097642,212.77000427246094
2021-11-03,218.24157839311266,34.08946174782913,235.1509477327422,198.46601219142931,9952337.450000001,-7233478.119999998,-805672.9887216557,213.3800048828125
2021-11-04,217.1393643753848,35.162312615306725,234.21355461886304,198.93789771545985,9431348.620000003,-7840231.539999998,-1834083.2671621982,213.02999877929688
2021-11-05,230.42127801474092,27.84819660250092,233.87409909060028,199.271933131667,9663101.07,-7963176.1899999995,12618097.912040954,224.4600067138672
2021-11-08,231.87539973106067,33.083440305419806,233.00984302933233,199.6112747641915,9589483.800000003,-8682617.52,15753295.43261248,222.67999267578125
2021-11-09,230.7863334939873,33.0684010422254,238.61316668170753,201.11058833448885,16726453.444999997,-4674787.455,16431848.75026465,220.7899932861328
2021-11-10,226.76571631065207,38.808323260143055,238.8304313642769,200.0232320007513,18511402.799999997,-4042029.2000000007,15276548.9972735,218.5
2021-11-11,227.92336183454609,33.815359194706964,237.74782663231733,201.64848355136044,19699056.0,-4706416.0,19605117.377222545,219.3800048828125
2021-11-12,230.76252803795435,35.975502310377685,233.8725866512464,202.01077891338923,19780492.479999997,-5678761.9,5940249.529083507,220.9600067138672
2021-11-15,237.10029079690955,35.15460526745694,233.87251656340962,203.91257425924042,23184010.1703,-5744304.0261,13821933.772598239,233.08999633789062
2021-11-16,234.3503096835667,34.27558064973178,244.59858446909374,196.63851940000714,11609125.290000001,-4707082.17,10137619.831561288,225.8000030517578
2021-11-17,235.02064261378507,37.56204201039065,245.02136659042228,197.67083517232868,16243123.12,-3263119.09,9752207.252639527,226.6199951171875
2021-11-18,235.18745504470738,42.15964962079333,244.68716897524837,197.90341293403444,14152773.539999997,-4013928.255,9819831.423674794,227.25
2021-11-19,227.85979987555,54.26057723642871,245.65980244860185,203.33792892314216,14817349.109199999,-4975714.7396,793722.036329627,214.1300048828125
2021-11-22,221.62506898318742,44.815117021155196,245.71687889883904,203.5007504617097,14817659.0,-4923876.25,-1895612.7869385295,209.89999389648438
2021-11-23,220.66013450020907,42.21546870498877,246.9941070228279,201.08504402653313,10279284.75,-7345986.375,-4420689.119901346,209.1300048828125
2021-11-24,219.96271895476707,33.39825895009613,242.7891207919212,198.36510377127857,9537621.1,-8678203.31,-1785707.3489209116,210.60000610351562
2021-11-26,214.91459089534618,53.97594252260873,248.86694505197525,195.6065796715349,8642853.771000003,-9730648.628999999,-7610130.304186997,199.2100067138672
2021-11-29,210.8599436935857,41.26123657111614,242.498866222334,195.07494182402095,9992357.640000002,-9048186.27,-9553106.254345015,198.5
2021-11-30,211.65944112459317,44.709430619986634,249.30962271360175,192.23389485070538,6868163.170000001,-10415495.640000002,-7629800.644505247,197.85000610351562
2021-12-01,208.06087558201938,42.37389538153967,249.93555537312233,191.8175466162382,4796106.5,-9841764.9,-10699507.998024398,188.19000244140625
2021-12-02,215.52711891327584,39.631036831448284,246.1950601248584,191.41841131304201,5044474.739200002,-8606975.992400002,-3803575.588512188,202.3800048828125
2021-12-03,208.18051231153308,40.06610600638875,265.89681913774956,188.5318876588034,3022979.9600000004,-8952686.080000002,-7102623.58720655,198.49000549316406
2021-12-06,208.87277685593642,34.01300617452328,242.68543258086984,190.6910822503002,6544164.75,-7156072.5,-6613839.924040682,205.8800048828125
2021-12-07,215.7895255431993,39.48054698287547,241.39280079714362,188.8068934017706,4418237.8763999995,-7574206.5348000005,1168488.9428694341,208.8300018310547
2021-12-08,217.60597698042213,39.3305085711464,238.1463361260474,189.9614203076844,5071843.979999999,-7850887.1099999985,3677346.6907545514,211.02999877929688
2021-12-09,217.46784064582977,40.17049171056061,231.16339955209406,193.22052781492246,10107411.840000002,-6885111.96,3089960.934897581,207.55999755859375
2021-12-10,217.25462965616254,46.55283744744143,229.97630922693244,194.82813430394177,11286605.2119,-6129599.646,2502575.179040611,205.05999755859375
2021-12-13,217.04238455759736,44.77839543329601,231.52516106101953,193.10444428660543,11120281.4254,-6416238.393,1915189.4231836405,197.39999389648438
2021-12-14,216.7406904975055,45.24165081458006,232.88054324962954,191.7184916669245,10953957.638899999,-6702877.14,1327803.667326672,195.5
2021-12-15,216.36164590837302,46.988869037611124,233.98209378505135,190.89760090358527,10787633.8524,-6989515.887,740417.9114696998,195.42999267578125
2021-12-16,215.91546333051684,41.23384450037495,234.98806876264388,190.1042221714808,10621310.0659,-7276154.634000001,153032.15561273322,190.7899932861328
2021-12-17,215.4108245935912,39.85854738223484,235.91038985134446,189.33699517327048,10454986.279399998,-7562793.381000001,-434353.6002442371,192.6300048828125
2021-12-20,214.85515795407096,42.62012841620489,236.75907512753787,188.59464783513909,10288662.492899999,-7849432.1280000005,-1021739.3561012074,188.47999572753906
2021-12-21,214.254856582179,33.609843515125746,237.54260443550882,187.87598926862657,10122338.7064,-8136070.875000001,-1609125.1119581778,199.52000427246094
2021-12-22,213.61193841916528,43.48281085597881,238.268203709413,187.17990339565299,9956014.919899998,-8422709.622000001,-2196510.8678151425,201.69000244140625
2021-12-23,212.93433449830107,45.21779240138524,238.9420684796262,186.5053431649593,9789691.133399999,-8709348.369,-2783896.6236721165,204.22000122070312
2021-12-27,212.22625439694914,33.300509494045436,239.52971693303869,185.88665377408267,9623367.3469,-8995987.116,-3371282.379529085,203.1699981689453
2021-12-28,213.48978036385407,36.20532579172336,240.04297419997062,185.31633175796188,9457043.560399998,-9282625.863000002,1309939.7087445222,206.1300048828125
2021-12-29,211.8460504141055,32.901773750531326,240.5021616613912,184.7734101656186,9290719.773899999,-9569264.610000001,-3007958.26459489,203.66000366210938
2021-12-30,211.44241811108677,33.19472161338088,233.50843591884157,185.28806479698622,11481111.09,-8149731.450000001,-3750119.9323056154,202.7100067138672
2021-12-31,211.04718190207137,33.2464309035596,237.95266805924774,185.73488051322178,9364160.090000002,-9362527.530000001,-4492281.600016339,201.32000732421875
2022-01-03,214.35201683638212,30.931740719561564,238.7570469344921,185.72176759211936,9208657.485,-9779342.905000001,-1486436.693419639,207.86000061035156
2022-01-04,222.48091601326487,33.13027839627605,239.52098730057492,185.76532934381225,9053154.879999999,-10196158.280000001,11193450.079181084,213.6300048828125
2022-01-05,226.38214511151142,37.819369478499674,238.98415895957953,186.50832595276697,10186690.829999998,-9011736.889999999,18082076.640930735,213.07000732421875
2022-01-06,224.81802615992567,38.037725253596534,234.41146142077736,188.76147168455688,16950407.6546,-5997358.86,15379145.208938187,211.33999633789062
2022-01-07,226.76982028815922,36.34574335511098,235.0357117930342,189.03285689013683,21170199.090000004,-4904985.83,20325083.786030874,215.5
2022-01-10,219.99626938032668,40.59401931202645,234.87989345435994,189.2637886076996,19778044.2125,-5597196.562500001,9857278.417772202,209.30999755859375
2022-01-11,223.60653901112192,41.97993503723839,234.43457913925974,190.76534228380802,22861810.125,-4866901.875,15807244.209474428,216.02000427246094
2022-01-12,223.7146896191683,40.47680189658421,231.73624220806084,193.66278665425517,17905096.0,-7982436.0,23209356.89547921,217.4499969482422
2022-01-13,229.70332385252422,35.92765328328156,231.8976227147037,196.82956836926036,21019277.299999997,-6508301.100000001,32724715.020999998,223.89999389648438
2022-01-14,228.38274081881843,51.10571149696873,230.0137629213037,198.80608387522375,27063010.7436,-6843895.246600002,22125364.478342958,225.9600067138672
2022-01-18,230.01154368724815,41.22198097207821,234.73509200536097,197.84021154209557,32724715.020999998,-5167830.977999999,772315.0795596726,225.00999450683594
2022-01-19,222.72712789688163,41.05990957708349,234.87108156964624,198.74508995829456,24815960.184000008,-5432765.454,-1940367.8013978265,217.0800018310547
2022-01-20,220.04553411056798,43.76914655163482,248.08709373528026,194.72928158408513,5980861.599999999,-3064071.2,-2449582.2514744475,214.19000244140625
2022-01-21,217.66781885802698,36.70654255151416,245.74221924487702,195.10560249132072,4946371.32,-4121466.36,-2709883.2908468097,205.44000244140625
2022-01-24,209.19910146057353,37.70916380701705,243.66581281330892,194.09737594342067,4817870.880000001,-4385646.65,-6612000.482978176,204.1999969482422
2022-01-25,210.24832596460737,43.662111248399476,240.4992969105422,193.741296267856,5058081.400000001,-4826588.319999999,-5437537.426423241,204.10000610351562
2022-01-26,202.33429808918225,53.19574852249439,242.4687781318321,191.3177971327541,3227602.664999999,-6005227.31,-8539298.646985743,194.27000427246094
2022-01-27,195.1626961402054,47.548989545128286,247.53557628000272,186.25931579228248,3376832.2638,-5248769.7069999995,-9152769.912990492,189.75
2022-01-28,192.17576328511126,46.885236141285596,252.56544828961773,185.08967100154322,2229052.350000001,-6492913.0,-10413353.350853857,190.57000732421875
2022-01-31,198.24932066685216,45.23075213314305,229.10074211502746,184.39946328631203,2200008.15,-6936947.175000001,-9264557.079562582,200.24000549316406
2022-02-01,211.61672538678607,47.02595409572906,226.1866773519839,184.21442154287465,1744811.84,-7453849.800000001,-1429322.7736443933,208.33999633789062
2022-02-02,208.3976614615609,47.02219951064147,244.03905574094676,184.2265305278628,2129066.3,-6952210.000000002,-2771031.899004258,207.52000427246094
2022-02-03,208.34016351059924,37.04399709994036,233.03594025840104,183.9736415136902,5414131.580000001,-4195134.24,-2166166.6442615036,206.38999938964844
2022-02-04,208.7443985656297,38.78723648288385,230.7204070908612,185.30744536375326,5546026.915000001,-5361688.585,-2461002.307036884,206.4499969482422
2022-02-07,212.71012547451215,38.927059694538066,228.92122804044538,185.3233653721573,6149636.383299999,-5498856.204,2255289.429722842,211.9199981689453
2022-02-08,213.7860000089358,42.397216940422446,227.85386350638612,188.10629597116932,5716552.227,-5293134.573,6499477.853671996,213.27000427246094
2022-02-09,216.5062215549477,35.989526203213835,225.03326225287265,188.87647195372844,8407427.520000001,-4347041.43,10977958.680993387,215.86000061035156
2022-02-10,220.18950584147512,33.40408989698334,222.32467651767672,189.79068799594336,11384407.090000002,-4051115.0399999996,12904899.398336614,218.75
2022-02-11,219.18319419554547,34.29420738118269,222.32411709866616,190.39928196581332,13880014.784999998,-3093142.1850000005,-29092.47313595563,212.3000030517578